user_genome	classification	fastani_reference	fastani_reference_radius	fastani_taxonomy	fastani_ani	fastani_af	closest_placement_reference	closest_placement_radius	closest_placement_taxonomy	closest_placement_ani	closest_placement_af	pplacer_taxonomy	classification_method	note	other_related_references(genome_id,species_name,radius,ANI,AF)	msa_percent	translation_table	red_value	warnings
CONCOCT_CONCOCT.1	d__Bacteria;p__Pseudomonadota;c__Gammaproteobacteria;o__Steroidobacterales;f__Steroidobacteraceae;g__;s__	N/A	N/A	N/A	N/A	N/A	N/A	N/A	N/A	N/A	N/A	d__Bacteria;p__Pseudomonadota;c__Gammaproteobacteria;o__Steroidobacterales;f__Steroidobacteraceae;g__;s__	taxonomic novelty determined using RED	classification based on placement in class-level tree	N/A	94.96	11	0.84625	N/A
CONCOCT_CONCOCT.12_sub	d__Bacteria;p__Pseudomonadota;c__Gammaproteobacteria;o__Xanthomonadales;f__SZUA-36;g__JAHEFT01;s__	N/A	N/A	N/A	N/A	N/A	GCA_024640025.1	95.0	d__Bacteria;p__Pseudomonadota;c__Gammaproteobacteria;o__Xanthomonadales;f__SZUA-36;g__JAHEFT01;s__JAHEFT01 sp024640025	80.37	0.341	d__Bacteria;p__Pseudomonadota;c__Gammaproteobacteria;o__Xanthomonadales;f__SZUA-36;g__JAHEFT01;s__	taxonomic classification defined by topology and ANI	classification based on placement in class-level tree	GCA_013001885.1, s__JAHEFT01 sp013001885, 95.0, 78.37, 0.252	28.74	11	0.95281	Genome has more than 10.0% of markers with multiple hits
CONCOCT_CONCOCT.58_sub	d__Bacteria;p__Pseudomonadota;c__Alphaproteobacteria;o__Rhodobacterales;f__Rhodobacteraceae;g__Amaricoccus;s__	N/A	N/A	N/A	N/A	N/A	N/A	N/A	N/A	N/A	N/A	d__Bacteria;p__Pseudomonadota;c__Alphaproteobacteria;o__Rhodobacterales;f__Rhodobacteraceae;g__Amaricoccus;s__	ANI	classification based on placement in class-level tree	GCA_020637615.1, s__Amaricoccus sp020637615, 95.0, 79.84, 0.481; GCA_003241785.1, s__Amaricoccus sp003241785, 95.0, 79.17, 0.359; GCF_006385685.1, s__Amaricoccus solimangrovi, 95.0, 79.07, 0.369; GCA_017993425.1, s__Amaricoccus sp017993425, 95.0, 78.95, 0.42; GCF_014201905.1, s__Amaricoccus macauensis, 95.0, 78.81, 0.296; GCA_003258405.1, s__Amaricoccus sp003258405, 95.0, 78.76, 0.332; GCA_017995835.1, s__Amaricoccus sp017995835, 95.0, 78.7, 0.439	60.54	11	0.92729	N/A
CONCOCT_CONCOCT.64	d__Bacteria;p__Pseudomonadota;c__Gammaproteobacteria;o__UBA9214;f__UBA9214;g__UBA9214;s__	N/A	N/A	N/A	N/A	N/A	GCA_022340485.1	95.0	d__Bacteria;p__Pseudomonadota;c__Gammaproteobacteria;o__UBA9214;f__UBA9214;g__UBA9214;s__UBA9214 sp022340485	80.76	0.693	d__Bacteria;p__Pseudomonadota;c__Gammaproteobacteria;o__UBA9214;f__UBA9214;g__UBA9214;s__	taxonomic classification defined by topology and ANI	classification based on placement in class-level tree	GCA_905480305.1, s__UBA9214 sp905480305, 95.0, 79.56, 0.37; GCA_905479705.1, s__UBA9214 sp905479705, 95.0, 79.44, 0.486; GCA_003454335.1, s__UBA9214 sp003454335, 95.0, 78.06, 0.378; GCA_013041945.1, s__UBA9214 sp013041945, 95.0, 77.76, 0.266; GCA_905480065.1, s__UBA9214 sp905480065, 95.0, 77.18, 0.29	93.21	11	0.94652	Genome not assigned to closest species as it falls outside its pre-defined ANI radius
CONCOCT_CONCOCT.77_sub	d__Bacteria;p__Actinomycetota;c__Actinomycetia;o__Nanopelagicales;f__UBA12327;g__;s__	N/A	N/A	N/A	N/A	N/A	N/A	N/A	N/A	N/A	N/A	d__Bacteria;p__Actinomycetota;c__Actinomycetia;o__Nanopelagicales;f__UBA12327;g__;s__	taxonomic novelty determined using RED	classification based on placement in class-level tree	N/A	57.5	11	0.69099	N/A
CONCOCT_CONCOCT.83	d__Bacteria;p__Actinomycetota;c__Actinomycetia;o__JAHEKZ01;f__JAHEKZ01;g__JAHEKZ01;s__	N/A	N/A	N/A	N/A	N/A	N/A	N/A	N/A	N/A	N/A	d__Bacteria;p__Actinomycetota;c__Actinomycetia;o__JAHEKZ01;f__JAHEKZ01;g__JAHEKZ01;s__	taxonomic novelty determined using RED	classification based on placement in class-level tree	N/A	96.43	11	0.92483	N/A
GraphMB_125_sub	d__Bacteria;p__Pseudomonadota;c__Gammaproteobacteria;o__UBA9214;f__UBA9214;g__UBA9214;s__	N/A	N/A	N/A	N/A	N/A	N/A	N/A	N/A	N/A	N/A	d__Bacteria;p__Pseudomonadota;c__Gammaproteobacteria;o__UBA9214;f__UBA9214;g__UBA9214;s__	ANI	classification based on placement in class-level tree	GCA_905480305.1, s__UBA9214 sp905480305, 95.0, 79.29, 0.235; GCA_022340485.1, s__UBA9214 sp022340485, 95.0, 79.24, 0.263; GCA_905479705.1, s__UBA9214 sp905479705, 95.0, 78.92, 0.302; GCA_013041945.1, s__UBA9214 sp013041945, 95.0, 77.96, 0.266; GCA_003454335.1, s__UBA9214 sp003454335, 95.0, 77.89, 0.211; GCA_905480065.1, s__UBA9214 sp905480065, 95.0, 77.87, 0.248	62.5	11	0.87006	N/A
GraphMB_161_sub	d__Bacteria;p__Pseudomonadota;c__Gammaproteobacteria;o__Xanthomonadales;f__SZUA-36;g__;s__	N/A	N/A	N/A	N/A	N/A	N/A	N/A	N/A	N/A	N/A	d__Bacteria;p__Pseudomonadota;c__Gammaproteobacteria;o__Xanthomonadales;f__SZUA-36;g__;s__	taxonomic novelty determined using RED	classification based on placement in class-level tree	N/A	30.07	4	0.91448	N/A
GraphMB_169_sub	d__Bacteria;p__Pseudomonadota;c__Alphaproteobacteria;o__Rhizobiales;f__Methyloligellaceae;g__Methyloceanibacter;s__	N/A	N/A	N/A	N/A	N/A	N/A	N/A	N/A	N/A	N/A	d__Bacteria;p__Pseudomonadota;c__Alphaproteobacteria;o__Rhizobiales;f__Methyloligellaceae;g__Methyloceanibacter;s__	taxonomic classification defined by topology and ANI	classification based on placement in class-level tree	GCF_000828475.1, s__Methyloceanibacter caenitepidi, 95.0, 86.07, 0.675; GCF_001723355.1, s__Methyloceanibacter stevinii, 95.0, 86.03, 0.673; GCF_003071365.1, s__Methyloceanibacter sp003071365, 95.0, 86.02, 0.66; GCF_001723285.1, s__Methyloceanibacter methanicus, 95.0, 82.48, 0.593; GCF_001723295.1, s__Methyloceanibacter marginalis, 95.0, 81.4, 0.442; GCA_002482645.1, s__Methyloceanibacter sp002482645, 95.0, 80.77, 0.514; GCA_020637815.1, s__Methyloceanibacter sp020637815, 95.0, 80.57, 0.5; GCF_001723305.1, s__Methyloceanibacter superfactus, 95.0, 79.6, 0.453; GCA_002390155.1, s__Methyloceanibacter sp002390155, 95.0, 79.08, 0.557; GCA_022865725.1, s__Methyloceanibacter sp022865725, 95.0, 78.51, 0.338; GCA_016649675.1, s__Methyloceanibacter sp016649675, 95.0, 78.2, 0.328; GCA_018067145.1, s__Methyloceanibacter sp018067145, 95.0, 78.13, 0.394; GCA_016869535.1, s__Methyloceanibacter sp016869535, 95.0, 78.13, 0.338; GCA_014380485.1, s__Methyloceanibacter sp014380485, 95.0, 77.89, 0.373; GCA_002383105.1, s__Methyloceanibacter sp002383105, 95.0, 77.81, 0.398; GCA_003135455.1, s__Methyloceanibacter sp003135455, 95.0, 77.59, 0.274	50.05	11	0.98752	Genome not assigned to closest species as it falls outside its pre-defined ANI radius
GraphMB_170_sub	d__Bacteria;p__Myxococcota_A;c__UBA9160;o__UBA9160;f__UBA6930;g__;s__	N/A	N/A	N/A	N/A	N/A	N/A	N/A	N/A	N/A	N/A	d__Bacteria;p__Myxococcota_A;c__UBA9160;o__UBA9160;f__UBA6930;g__;s__	taxonomic classification fully defined by topology	classification based on placement in class-level tree	N/A	31.46	11	0.69009	Genome has more than 12.5% of markers with multiple hits
GraphMB_173	d__Bacteria;p__Chloroflexota;c__Anaerolineae;o__Promineofilales;f__Promineofilaceae;g__;s__	N/A	N/A	N/A	N/A	N/A	N/A	N/A	N/A	N/A	N/A	d__Bacteria;p__Chloroflexota;c__Anaerolineae;o__Promineofilales;f__Promineofilaceae;g__;s__	taxonomic novelty determined using RED	classification based on placement in class-level tree	N/A	62.86	11	0.88598	N/A
GraphMB_24	d__Bacteria;p__Desulfobacterota;c__Desulfobacteria;o__Desulfobacterales;f__QNYZ01;g__;s__	N/A	N/A	N/A	N/A	N/A	GCA_003973265.1	95.0	d__Bacteria;p__Desulfobacterota;c__Desulfobacteria;o__Desulfobacterales;f__QNYZ01;g__QNYZ01;s__QNYZ01 sp003973265	75.92	0.047	d__Bacteria;p__Desulfobacterota;c__Desulfobacteria;o__Desulfobacterales;f__QNYZ01;g__;s__	taxonomic classification defined by topology and ANI	classification based on placement in class-level tree	N/A	67.57	11	0.75856	N/A
GraphMB_246_sub	d__Bacteria;p__Actinomycetota;c__Actinomycetia;o__Nanopelagicales;f__GCA-2699445;g__;s__	N/A	N/A	N/A	N/A	N/A	N/A	N/A	N/A	N/A	N/A	d__Bacteria;p__Actinomycetota;c__Actinomycetia;o__Nanopelagicales;f__GCA-2699445;g__;s__	taxonomic novelty determined using RED	classification based on placement in class-level tree	N/A	38.57	11	0.90119	N/A
GraphMB_253	d__Bacteria;p__Desulfobacterota;c__Desulfobacteria;o__Desulfobacterales;f__UBA5852;g__JABZFP01;s__	N/A	N/A	N/A	N/A	N/A	N/A	N/A	N/A	N/A	N/A	d__Bacteria;p__Desulfobacterota;c__Desulfobacteria;o__Desulfobacterales;f__UBA5852;g__JABZFP01;s__	taxonomic classification defined by topology and ANI	classification based on placement in class-level tree	GCA_014237395.1, s__JABZFP01 sp014237395, 95.0, 92.72, 0.741; GCA_020444045.1, s__JABZFP01 sp020444045, 95.0, 90.78, 0.713; GCA_913060875.1, s__JABZFP01 sp913060875, 95.0, 79.28, 0.423; GCA_016735415.1, s__JABZFP01 sp016735415, 95.0, 77.77, 0.126	33.68	11	0.98015	Genome has more than 11.7% of markers with multiple hits;Genome not assigned to closest species as it falls outside its pre-defined ANI radius
GraphMB_299_sub	d__Bacteria;p__Chloroflexota;c__Anaerolineae;o__Anaerolineales;f__UBA4823;g__DSOS01;s__	N/A	N/A	N/A	N/A	N/A	GCA_020354045.1	95.0	d__Bacteria;p__Chloroflexota;c__Anaerolineae;o__Anaerolineales;f__UBA4823;g__DSOS01;s__DSOS01 sp020354045	75.69	0.019	d__Bacteria;p__Chloroflexota;c__Anaerolineae;o__Anaerolineales;f__UBA4823;g__DSOS01;s__	taxonomic classification defined by topology and ANI	classification based on placement in class-level tree	N/A	41.21	11	0.88003	N/A
GraphMB_3135	d__Bacteria;p__Pseudomonadota;c__Gammaproteobacteria;o__Chromatiales;f__Chromatiaceae;g__DYRB01;s__	N/A	N/A	N/A	N/A	N/A	GCA_020718945.1	95.0	d__Bacteria;p__Pseudomonadota;c__Gammaproteobacteria;o__Chromatiales;f__Chromatiaceae;g__DYRB01;s__DYRB01 sp020718945	84.28	0.417	d__Bacteria;p__Pseudomonadota;c__Gammaproteobacteria;o__Chromatiales;f__Chromatiaceae;g__DYRB01;s__	taxonomic classification defined by topology and ANI	classification based on placement in class-level tree	N/A	18.61	11	0.9385	Genome domain questionable ( 19.2% Bacterial, 11.3% Archaeal)
GraphMB_388_sub	d__Bacteria;p__Pseudomonadota;c__Gammaproteobacteria;o__Arenicellales;f__BMS3Bbin11;g__BMS3Bbin11;s__	N/A	N/A	N/A	N/A	N/A	N/A	N/A	N/A	N/A	N/A	d__Bacteria;p__Pseudomonadota;c__Gammaproteobacteria;o__Arenicellales;f__BMS3Bbin11;g__BMS3Bbin11;s__	taxonomic novelty determined using RED	classification based on placement in class-level tree	N/A	50.45	11	0.89629	Genome has more than 38.3% of markers with multiple hits
GraphMB_394	d__Bacteria;p__Actinomycetota;c__Acidimicrobiia;o__UBA5794;f__UBA5794;g__JAHEEL01;s__	N/A	N/A	N/A	N/A	N/A	GCA_024640745.1	95.0	d__Bacteria;p__Actinomycetota;c__Acidimicrobiia;o__UBA5794;f__UBA5794;g__JAHEEL01;s__JAHEEL01 sp024640745	78.67	0.519	d__Bacteria;p__Actinomycetota;c__Acidimicrobiia;o__UBA5794;f__UBA5794;g__JAHEEL01;s__	taxonomic classification defined by topology and ANI	classification based on placement in class-level tree	GCA_023336855.1, s__JAHEEL01 sp023336855, 95.0, 77.95, 0.316; GCA_024762335.1, s__JAHEEL01 sp024762335, 95.0, 77.59, 0.315	81.65	11	0.93503	Genome not assigned to closest species as it falls outside its pre-defined ANI radius
GraphMB_439	d__Bacteria;p__Actinomycetota;c__Thermoleophilia;o__Solirubrobacterales;f__70-9;g__67-14;s__	N/A	N/A	N/A	N/A	N/A	GCA_903933815.1	95.0	d__Bacteria;p__Actinomycetota;c__Thermoleophilia;o__Solirubrobacterales;f__70-9;g__67-14;s__67-14 sp903933815	79.87	0.598	d__Bacteria;p__Actinomycetota;c__Thermoleophilia;o__Solirubrobacterales;f__70-9;g__67-14;s__	taxonomic classification defined by topology and ANI	classification based on placement in class-level tree	GCA_001897355.1, s__67-14 sp001897355, 95.0, 79.83, 0.496; GCA_020438295.1, s__67-14 sp020438295, 95.0, 79.79, 0.549; GCA_016650125.1, s__67-14 sp016650125, 95.0, 79.77, 0.474; GCA_017304845.1, s__67-14 sp017304845, 95.0, 79.76, 0.385; GCA_019694145.1, s__67-14 sp019694145, 95.0, 79.38, 0.439; GCA_016649615.1, s__67-14 sp016649615, 95.0, 79.28, 0.552; GCA_023436605.1, s__67-14 sp023436605, 95.0, 79.13, 0.424; GCA_020438425.1, s__67-14 sp020438425, 95.0, 79.13, 0.399; GCA_016712175.1, s__67-14 sp016712175, 95.0, 79.0, 0.433; GCA_023958085.1, s__67-14 sp023958085, 95.0, 78.96, 0.376; GCA_023434465.1, s__67-14 sp023434465, 95.0, 78.86, 0.395; GCA_020636955.1, s__67-14 sp020636955, 95.0, 78.65, 0.399; GCA_018883025.1, s__67-14 sp018883025, 95.0, 78.62, 0.508; GCA_020438355.1, s__67-14 sp020438355, 95.0, 78.49, 0.375; GCA_020438395.1, s__67-14 sp020438395, 95.0, 78.49, 0.38; GCA_903891285.1, s__67-14 sp903891285, 95.0, 78.46, 0.467; GCA_903939845.1, s__67-14 sp903939845, 95.0, 78.43, 0.429; GCA_020438345.1, s__67-14 sp020438345, 95.0, 77.71, 0.261	83.57	11	0.93392	Genome not assigned to closest species as it falls outside its pre-defined ANI radius
GraphMB_65	d__Bacteria;p__Chloroflexota;c__Anaerolineae;o__Anaerolineales;f__UBA4823;g__PFL25;s__	N/A	N/A	N/A	N/A	N/A	GCA_022865865.1	95.0	d__Bacteria;p__Chloroflexota;c__Anaerolineae;o__Anaerolineales;f__UBA4823;g__PFL25;s__PFL25 sp022865865	78.32	0.274	d__Bacteria;p__Chloroflexota;c__Anaerolineae;o__Anaerolineales;f__UBA4823;g__PFL25;s__	taxonomic classification defined by topology and ANI	classification based on placement in class-level tree	GCA_020349245.1, s__PFL25 sp020349245, 95.0, 76.5, 0.12; GCA_020346705.1, s__PFL25 sp020346705, 95.0, 76.38, 0.098	50.72	11	0.96953	N/A
MaxBin2_bins.009_sub	d__Bacteria;p__Actinomycetota;c__Acidimicrobiia;o__Acidimicrobiales;f__Ilumatobacteraceae;g__Sva-07;s__	N/A	N/A	N/A	N/A	N/A	GCA_024643255.1	95.0	d__Bacteria;p__Actinomycetota;c__Acidimicrobiia;o__Acidimicrobiales;f__Ilumatobacteraceae;g__Sva-07;s__Sva-07 sp024643255	83.59	0.721	d__Bacteria;p__Actinomycetota;c__Acidimicrobiia;o__Acidimicrobiales;f__Ilumatobacteraceae;g__Sva-07;s__	taxonomic classification defined by topology and ANI	classification based on placement in class-level tree	GCA_015767405.1, s__Sva-07 sp015767405, 95.0, 79.93, 0.264; GCA_019090765.1, s__Sva-07 sp019090765, 95.0, 79.3, 0.171	17.82	11	0.96746	Genome not assigned to closest species as it falls outside its pre-defined ANI radius
MaxBin2_bins.025_sub	d__Bacteria;p__Pseudomonadota;c__Alphaproteobacteria;o__Rhizobiales;f__Hyphomicrobiaceae;g__Hyphomicrobium_C;s__	N/A	N/A	N/A	N/A	N/A	N/A	N/A	N/A	N/A	N/A	d__Bacteria;p__Pseudomonadota;c__Alphaproteobacteria;o__Rhizobiales;f__Hyphomicrobiaceae;g__Hyphomicrobium_C;s__	ANI	classification based on placement in class-level tree	GCA_019751875.1, s__Hyphomicrobium_C sp019751875, 95.0, 79.71, 0.183; GCA_002279935.1, s__Hyphomicrobium_C sp002279935, 95.0, 79.47, 0.21; GCA_022844105.1, s__Hyphomicrobium_C sp001464285, 95.0, 79.38, 0.18; GCA_022841965.1, s__Hyphomicrobium_C sp022841965, 95.0, 79.03, 0.162; GCA_002928735.1, s__Hyphomicrobium_C sp002928735, 95.0, 78.75, 0.172; GCA_902826555.1, s__Hyphomicrobium_C sp902826555, 95.0, 78.51, 0.117; GCA_019137195.1, s__Hyphomicrobium_C sp019137195, 95.0, 78.41, 0.106; GCF_900117455.1, s__Hyphomicrobium_C sp900117455, 95.0, 78.22, 0.141; GCA_934555825.1, s__Hyphomicrobium_C sp934555825, 95.0, 78.21, 0.098; GCF_000383415.1, s__Hyphomicrobium_C zavarzinii, 95.0, 78.16, 0.141; GCA_017304275.1, s__Hyphomicrobium_C sp017304275, 95.0, 78.15, 0.093; GCF_000503895.1, s__Hyphomicrobium_C nitrativorans, 95.0, 78.05, 0.122; GCA_019744875.1, s__Hyphomicrobium_C sp019744875, 95.0, 77.94, 0.135; GCA_021813195.1, s__Hyphomicrobium_C sp021813195, 95.0, 77.28, 0.093; GCA_020852195.1, s__Hyphomicrobium_C sp020852195, 95.0, 77.08, 0.133	25.5	11	0.95986	N/A
MaxBin2_bins.030_sub	d__Bacteria;p__Myxococcota_A;c__UBA9160;o__;f__;g__;s__	N/A	N/A	N/A	N/A	N/A	N/A	N/A	N/A	N/A	N/A	d__Bacteria;p__Myxococcota_A;c__UBA9160;o__;f__;g__;s__	taxonomic novelty determined using RED	classification based on placement in class-level tree	N/A	32.83	11	0.43787	backbone tree has incongruent class classification
MaxBin2_bins.031_sub	d__Bacteria;p__Actinomycetota;c__Acidimicrobiia;o__UBA5794;f__UBA5794;g__JAHEEL01;s__	N/A	N/A	N/A	N/A	N/A	GCA_023336855.1	95.0	d__Bacteria;p__Actinomycetota;c__Acidimicrobiia;o__UBA5794;f__UBA5794;g__JAHEEL01;s__JAHEEL01 sp023336855	79.84	0.264	d__Bacteria;p__Actinomycetota;c__Acidimicrobiia;o__UBA5794;f__UBA5794;g__JAHEEL01;s__	taxonomic classification defined by topology and ANI	classification based on placement in class-level tree	GCA_024640745.1, s__JAHEEL01 sp024640745, 95.0, 78.26, 0.163; GCA_024762335.1, s__JAHEEL01 sp024762335, 95.0, 77.97, 0.188	23.0	11	0.95419	N/A
MaxBin2_bins.059_sub	d__Bacteria;p__Desulfobacterota_F;c__WTBG01;o__WTBG01;f__WTBG01;g__;s__	N/A	N/A	N/A	N/A	N/A	GCA_013139225.1	95.0	d__Bacteria;p__Desulfobacterota_F;c__WTBG01;o__WTBG01;f__WTBG01;g__WTBG01;s__WTBG01 sp013139225	77.34	0.049	d__Bacteria;p__Desulfobacterota_F;c__WTBG01;o__WTBG01;f__WTBG01;g__;s__	taxonomic classification defined by topology and ANI	classification based on placement in class-level tree	N/A	21.47	11	0.83752	N/A
MaxBin2_bins.064_sub	d__Bacteria;p__Desulfobacterota;c__Desulfobacteria;o__Desulfobacterales;f__JAFDCJ01;g__JAFDCJ01;s__	N/A	N/A	N/A	N/A	N/A	GCA_024277475.1	95.0	d__Bacteria;p__Desulfobacterota;c__Desulfobacteria;o__Desulfobacterales;f__JAFDCJ01;g__JAFDCJ01;s__JAFDCJ01 sp024277475	84.04	0.152	d__Bacteria;p__Desulfobacterota;c__Desulfobacteria;o__Desulfobacterales;f__JAFDCJ01;g__JAFDCJ01;s__	taxonomic classification defined by topology and ANI	classification based on placement in class-level tree	GCA_945787595.1, s__JAFDCJ01 sp945787595, 95.0, 83.74, 0.173; GCA_019310665.1, s__JAFDCJ01 sp019310665, 95.0, 78.23, 0.083; GCA_902749685.1, s__JAFDCJ01 sp902749685, 95.0, 77.96, 0.098; GCA_019312835.1, s__JAFDCJ01 sp019312835, 95.0, 76.75, 0.065; GCA_020345785.1, s__JAFDCJ01 sp020345785, 95.0, 76.56, 0.086	30.9	11	0.9577	N/A
MaxBin2_bins.066_sub	d__Bacteria;p__Pseudomonadota;c__Gammaproteobacteria;o__Arenicellales;f__BMS3Bbin11;g__;s__	N/A	N/A	N/A	N/A	N/A	N/A	N/A	N/A	N/A	N/A	d__Bacteria;p__Pseudomonadota;c__Gammaproteobacteria;o__Arenicellales;f__BMS3Bbin11;g__;s__	taxonomic novelty determined using RED	classification based on placement in class-level tree	N/A	24.89	11	0.88682	N/A
MaxBin2_bins.075_sub	d__Bacteria;p__Acidobacteriota;c__Thermoanaerobaculia;o__Thermoanaerobaculales;f__Sulfomarinibacteraceae;g__Sulfomarinibacter;s__	N/A	N/A	N/A	N/A	N/A	N/A	N/A	N/A	N/A	N/A	d__Bacteria;p__Acidobacteriota;c__Thermoanaerobaculia;o__Thermoanaerobaculales;f__Sulfomarinibacteraceae;g__Sulfomarinibacter;s__	taxonomic novelty determined using RED	classification based on placement in class-level tree	N/A	30.33	11	0.92375	Genome has more than 15.0% of markers with multiple hits
MaxBin2_bins.085_sub	d__Bacteria;p__Pseudomonadota;c__Alphaproteobacteria;o__Rhodobacterales;f__Rhodobacteraceae;g__Amaricoccus;s__	N/A	N/A	N/A	N/A	N/A	GCA_003258405.1	95.0	d__Bacteria;p__Pseudomonadota;c__Alphaproteobacteria;o__Rhodobacterales;f__Rhodobacteraceae;g__Amaricoccus;s__Amaricoccus sp003258405	78.51	0.107	d__Bacteria;p__Pseudomonadota;c__Alphaproteobacteria;o__Rhodobacterales;f__Rhodobacteraceae;g__Amaricoccus;s__	taxonomic classification defined by topology and ANI	classification based on placement in class-level tree	GCA_020637615.1, s__Amaricoccus sp020637615, 95.0, 79.59, 0.084; GCA_017993425.1, s__Amaricoccus sp017993425, 95.0, 78.09, 0.109; GCF_006385685.1, s__Amaricoccus solimangrovi, 95.0, 77.94, 0.13; GCA_003241785.1, s__Amaricoccus sp003241785, 95.0, 77.91, 0.126; GCF_014201905.1, s__Amaricoccus macauensis, 95.0, 77.54, 0.089; GCA_017995835.1, s__Amaricoccus sp017995835, 95.0, 77.21, 0.097	27.31	11	0.92958	N/A
MaxBin2_bins.106_sub	d__Bacteria;p__Actinomycetota;c__Acidimicrobiia;o__Acidimicrobiales;f__Ilumatobacteraceae;g__Sva-07;s__	N/A	N/A	N/A	N/A	N/A	GCA_024643255.1	95.0	d__Bacteria;p__Actinomycetota;c__Acidimicrobiia;o__Acidimicrobiales;f__Ilumatobacteraceae;g__Sva-07;s__Sva-07 sp024643255	80.5	0.211	d__Bacteria;p__Actinomycetota;c__Acidimicrobiia;o__Acidimicrobiales;f__Ilumatobacteraceae;g__Sva-07;s__	taxonomic classification defined by topology and ANI	classification based on placement in class-level tree	GCA_019090765.1, s__Sva-07 sp019090765, 95.0, 77.22, 0.05; GCA_015767405.1, s__Sva-07 sp015767405, 95.0, 76.91, 0.081	34.1	11	0.93465	N/A
MaxBin2_bins.110_sub	d__Bacteria;p__Pseudomonadota;c__Gammaproteobacteria;o__Arenicellales;f__BMS3Bbin11;g__;s__	N/A	N/A	N/A	N/A	N/A	N/A	N/A	N/A	N/A	N/A	d__Bacteria;p__Pseudomonadota;c__Gammaproteobacteria;o__Arenicellales;f__BMS3Bbin11;g__;s__	taxonomic novelty determined using RED	classification based on placement in class-level tree	N/A	36.11	11	0.8644	N/A
MaxBin2_bins.120_sub	d__Bacteria;p__Acidobacteriota;c__Thermoanaerobaculia;o__Thermoanaerobaculales;f__Sulfomarinibacteraceae;g__;s__	N/A	N/A	N/A	N/A	N/A	N/A	N/A	N/A	N/A	N/A	d__Bacteria;p__Acidobacteriota;c__Thermoanaerobaculia;o__Thermoanaerobaculales;f__Sulfomarinibacteraceae;g__;s__	taxonomic novelty determined using RED	classification based on placement in class-level tree	N/A	40.02	11	0.91006	Genome has more than 10.0% of markers with multiple hits
MetaBAT2_bins.1	d__Bacteria;p__Actinomycetota;c__Actinomycetia;o__Jiangellales;f__;g__;s__	N/A	N/A	N/A	N/A	N/A	N/A	N/A	N/A	N/A	N/A	d__Bacteria;p__Actinomycetota;c__Actinomycetia;o__Jiangellales;f__;g__;s__	taxonomic novelty determined using RED	classification based on placement in class-level tree	N/A	69.63	11	0.71727	N/A
MetaBAT2_bins.102_sub	d__Bacteria;p__Bacteroidota;c__Bacteroidia;o__Flavobacteriales;f__Flavobacteriaceae;g__Eudoraea;s__	N/A	N/A	N/A	N/A	N/A	GCA_024642325.1	95.0	d__Bacteria;p__Bacteroidota;c__Bacteroidia;o__Flavobacteriales;f__Flavobacteriaceae;g__Eudoraea;s__Eudoraea sp024642325	82.85	0.616	d__Bacteria;p__Bacteroidota;c__Bacteroidia;o__Flavobacteriales;f__Flavobacteriaceae;g__Eudoraea;s__	taxonomic classification defined by topology and ANI	classification based on placement in class-level tree	GCA_905479615.1, s__Eudoraea sp905479615, 95.0, 88.58, 0.626; GCA_013042925.1, s__Eudoraea sp013042925, 95.0, 82.68, 0.594; GCF_000382125.1, s__Eudoraea adriatica, 95.0, 82.15, 0.524; GCA_020346245.1, s__Eudoraea sp020346245, 95.0, 81.68, 0.566	36.05	11	0.97908	Genome has more than 11.7% of markers with multiple hits;Genome not assigned to closest species as it falls outside its pre-defined ANI radius
MetaBAT2_bins.103	d__Bacteria;p__Pseudomonadota;c__Gammaproteobacteria;o__Woeseiales;f__Woeseiaceae;g__JAACFB01;s__	N/A	N/A	N/A	N/A	N/A	N/A	N/A	N/A	N/A	N/A	d__Bacteria;p__Pseudomonadota;c__Gammaproteobacteria;o__Woeseiales;f__Woeseiaceae;g__JAACFB01;s__	ANI	classification based on placement in class-level tree	GCA_013138675.1, s__JAACFB01 sp013138675, 95.0, 77.98, 0.295; GCA_945787435.1, s__JAACFB01 sp945787435, 95.0, 77.96, 0.315; GCA_024640305.1, s__JAACFB01 sp024640305, 95.0, 77.53, 0.204; GCA_011772865.1, s__JAACFB01 sp011772865, 95.0, 77.31, 0.218; GCA_009937615.1, s__JAACFB01 sp009937615, 95.0, 76.91, 0.15; GCA_022563195.1, s__JAACFB01 sp022563195, 95.0, 76.55, 0.137; GCA_022574185.1, s__JAACFB01 sp022574185, 95.0, 76.48, 0.147; GCA_022565135.1, s__JAACFB01 sp022565135, 95.0, 76.01, 0.116	78.93	11	0.93818	N/A
MetaBAT2_bins.105	d__Bacteria;p__Pseudomonadota;c__Gammaproteobacteria;o__BM003;f__BM003;g__BM003;s__	N/A	N/A	N/A	N/A	N/A	GCA_002868855.1	95.0	d__Bacteria;p__Pseudomonadota;c__Gammaproteobacteria;o__BM003;f__BM003;g__BM003;s__BM003 sp002868855	84.17	0.835	d__Bacteria;p__Pseudomonadota;c__Gammaproteobacteria;o__BM003;f__BM003;g__BM003;s__	taxonomic classification defined by topology and ANI	classification based on placement in class-level tree	N/A	98.77	11	0.96091	Genome not assigned to closest species as it falls outside its pre-defined ANI radius
MetaBAT2_bins.106_sub	d__Bacteria;p__Pseudomonadota;c__Gammaproteobacteria;o__Arenicellales;f__BMS3Bbin11;g__BMS3Bbin11;s__	N/A	N/A	N/A	N/A	N/A	N/A	N/A	N/A	N/A	N/A	d__Bacteria;p__Pseudomonadota;c__Gammaproteobacteria;o__Arenicellales;f__BMS3Bbin11;g__BMS3Bbin11;s__	taxonomic novelty determined using RED	classification based on placement in class-level tree	N/A	68.98	11	0.90452	Genome has more than 25.8% of markers with multiple hits
MetaBAT2_bins.111	d__Bacteria;p__Desulfobacterota;c__Desulfobaccia;o__Desulfobaccales;f__0-14-0-80-60-11;g__DTHB01;s__	N/A	N/A	N/A	N/A	N/A	GCA_019308625.1	95.0	d__Bacteria;p__Desulfobacterota;c__Desulfobaccia;o__Desulfobaccales;f__0-14-0-80-60-11;g__DTHB01;s__DTHB01 sp019308625	77.74	0.349	d__Bacteria;p__Desulfobacterota;c__Desulfobaccia;o__Desulfobaccales;f__0-14-0-80-60-11;g__DTHB01;s__	taxonomic classification defined by topology and ANI	classification based on placement in class-level tree	N/A	74.46	11	0.85696	N/A
MetaBAT2_bins.122_sub	d__Bacteria;p__Pseudomonadota;c__Gammaproteobacteria;o__UBA9214;f__UBA9214;g__UBA9214;s__	N/A	N/A	N/A	N/A	N/A	GCA_022340485.1	95.0	d__Bacteria;p__Pseudomonadota;c__Gammaproteobacteria;o__UBA9214;f__UBA9214;g__UBA9214;s__UBA9214 sp022340485	79.73	0.507	d__Bacteria;p__Pseudomonadota;c__Gammaproteobacteria;o__UBA9214;f__UBA9214;g__UBA9214;s__	taxonomic classification defined by topology and ANI	classification based on placement in class-level tree	GCA_905479705.1, s__UBA9214 sp905479705, 95.0, 79.0, 0.404; GCA_905480305.1, s__UBA9214 sp905480305, 95.0, 78.69, 0.32; GCA_003454335.1, s__UBA9214 sp003454335, 95.0, 78.23, 0.314; GCA_013041945.1, s__UBA9214 sp013041945, 95.0, 77.67, 0.222; GCA_905480065.1, s__UBA9214 sp905480065, 95.0, 77.0, 0.219	47.92	11	0.94677	Genome not assigned to closest species as it falls outside its pre-defined ANI radius;Genome has more than 12.5% of markers with multiple hits
MetaBAT2_bins.123	d__Bacteria;p__Desulfobacterota;c__Desulfobacteria;o__Desulfobacterales;f__Desulfosarcinaceae;g__Desulfosarcina;s__	N/A	N/A	N/A	N/A	N/A	GCA_018224455.1	95.0	d__Bacteria;p__Desulfobacterota;c__Desulfobacteria;o__Desulfobacterales;f__Desulfosarcinaceae;g__Desulfosarcina;s__Desulfosarcina sp018224455	89.44	0.836	d__Bacteria;p__Desulfobacterota;c__Desulfobacteria;o__Desulfobacterales;f__Desulfosarcinaceae;g__Desulfosarcina;s__	taxonomic classification defined by topology and ANI	classification based on placement in class-level tree	GCA_020444075.1, s__Desulfosarcina sp020444075, 95.0, 84.74, 0.63; GCA_014237405.1, s__Desulfosarcina sp014237405, 95.0, 83.03, 0.585; GCA_002352605.1, s__Desulfosarcina sp002352605, 95.0, 81.16, 0.61; GCF_009688945.1, s__Desulfosarcina alkanivorans, 95.0, 81.04, 0.534; GCF_009688965.1, s__Desulfosarcina widdelii, 95.0, 78.82, 0.368; GCF_009689005.1, s__Desulfosarcina ovata, 95.0, 78.69, 0.283; GCF_001311845.1, s__Desulfosarcina cetonica, 95.0, 77.99, 0.225; GCA_002747175.1, s__Desulfosarcina sp002747175, 95.0, 77.49, 0.265	87.41	11	0.98472	Genome not assigned to closest species as it falls outside its pre-defined ANI radius
MetaBAT2_bins.126	d__Bacteria;p__Pseudomonadota;c__Alphaproteobacteria;o__Rhodobacterales;f__Rhodobacteraceae;g__JAHEAO01;s__JAHEAO01 sp024642725	GCA_024642725.1	95.0	d__Bacteria;p__Pseudomonadota;c__Alphaproteobacteria;o__Rhodobacterales;f__Rhodobacteraceae;g__JAHEAO01;s__JAHEAO01 sp024642725	98.11	0.809	N/A	N/A	N/A	N/A	N/A	N/A	ani_screen	classification based on ANI only	N/A	N/A	N/A	N/A	N/A
MetaBAT2_bins.13	d__Bacteria;p__Pseudomonadota;c__Gammaproteobacteria;o__Chromatiales;f__Chromatiaceae;g__;s__	N/A	N/A	N/A	N/A	N/A	N/A	N/A	N/A	N/A	N/A	d__Bacteria;p__Pseudomonadota;c__Gammaproteobacteria;o__Chromatiales;f__Chromatiaceae;g__;s__	taxonomic classification fully defined by topology	classification based on placement in class-level tree	N/A	61.33	11	0.87202	Genome has more than 16.7% of markers with multiple hits
MetaBAT2_bins.145	d__Bacteria;p__Desulfobacterota;c__Desulfobacteria;o__Desulfobacterales;f__SG8-13;g__;s__	N/A	N/A	N/A	N/A	N/A	N/A	N/A	N/A	N/A	N/A	d__Bacteria;p__Desulfobacterota;c__Desulfobacteria;o__Desulfobacterales;f__SG8-13;g__;s__	taxonomic novelty determined using RED	classification based on placement in class-level tree	N/A	71.64	11	0.83971	Genome has more than 20.8% of markers with multiple hits
MetaBAT2_bins.152	d__Bacteria;p__Actinomycetota;c__Thermoleophilia;o__UBA2241;f__UBA2241;g__CAIXSE01;s__	N/A	N/A	N/A	N/A	N/A	N/A	N/A	N/A	N/A	N/A	d__Bacteria;p__Actinomycetota;c__Thermoleophilia;o__UBA2241;f__UBA2241;g__CAIXSE01;s__	ANI	classification based on placement in class-level tree	GCA_017882325.1, s__CAIXSE01 sp017882325, 95.0, 80.0, 0.356; GCA_903912585.1, s__CAIXSE01 sp903912585, 95.0, 79.65, 0.353; GCA_903862845.1, s__CAIXSE01 sp903862845, 95.0, 79.58, 0.41; GCA_012719015.1, s__CAIXSE01 sp012719015, 95.0, 79.5, 0.375; GCA_903927755.1, s__CAIXSE01 sp903927755, 95.0, 79.45, 0.372; GCA_012514235.1, s__CAIXSE01 sp012514235, 95.0, 79.04, 0.345; GCA_903921965.1, s__CAIXSE01 sp903921965, 95.0, 78.96, 0.266	56.15	11	0.94408	N/A
MetaBAT2_bins.153_sub	d__Bacteria;p__Pseudomonadota;c__Alphaproteobacteria;o__Rhizobiales;f__Hyphomicrobiaceae;g__Hyphomicrobium_C;s__	N/A	N/A	N/A	N/A	N/A	N/A	N/A	N/A	N/A	N/A	d__Bacteria;p__Pseudomonadota;c__Alphaproteobacteria;o__Rhizobiales;f__Hyphomicrobiaceae;g__Hyphomicrobium_C;s__	ANI	classification based on placement in class-level tree	GCA_002279935.1, s__Hyphomicrobium_C sp002279935, 95.0, 79.0, 0.359; GCA_002928735.1, s__Hyphomicrobium_C sp002928735, 95.0, 78.85, 0.391; GCA_019751875.1, s__Hyphomicrobium_C sp019751875, 95.0, 78.69, 0.337; GCA_022844105.1, s__Hyphomicrobium_C sp001464285, 95.0, 78.4, 0.344; GCA_022841965.1, s__Hyphomicrobium_C sp022841965, 95.0, 78.25, 0.332; GCF_000383415.1, s__Hyphomicrobium_C zavarzinii, 95.0, 77.88, 0.199; GCA_019744875.1, s__Hyphomicrobium_C sp019744875, 95.0, 77.68, 0.232; GCF_000503895.1, s__Hyphomicrobium_C nitrativorans, 95.0, 77.65, 0.199; GCF_900117455.1, s__Hyphomicrobium_C sp900117455, 95.0, 77.62, 0.205; GCA_017304275.1, s__Hyphomicrobium_C sp017304275, 95.0, 77.6, 0.208; GCA_019137195.1, s__Hyphomicrobium_C sp019137195, 95.0, 77.58, 0.21; GCA_934555825.1, s__Hyphomicrobium_C sp934555825, 95.0, 77.55, 0.197; GCA_902826555.1, s__Hyphomicrobium_C sp902826555, 95.0, 77.42, 0.193; GCA_020852195.1, s__Hyphomicrobium_C sp020852195, 95.0, 77.37, 0.203; GCA_021813195.1, s__Hyphomicrobium_C sp021813195, 95.0, 76.88, 0.138	73.17	11	0.95641	Genome has more than 13.3% of markers with multiple hits
MetaBAT2_bins.156	d__Bacteria;p__Actinomycetota;c__Acidimicrobiia;o__UBA5794;f__UBA5794;g__SZUA-442;s__	N/A	N/A	N/A	N/A	N/A	GCA_905480055.1	95.0	d__Bacteria;p__Actinomycetota;c__Acidimicrobiia;o__UBA5794;f__UBA5794;g__SZUA-442;s__SZUA-442 sp905480055	76.93	0.283	d__Bacteria;p__Actinomycetota;c__Acidimicrobiia;o__UBA5794;f__UBA5794;g__SZUA-442;s__	taxonomic classification defined by topology and ANI	classification based on placement in class-level tree	GCA_003235475.1, s__SZUA-442 sp003235475, 95.0, 77.4, 0.362	55.81	11	0.92518	N/A
MetaBAT2_bins.158	d__Bacteria;p__Desulfobacterota;c__Desulfobulbia;o__Desulfobulbales;f__Desulfocapsaceae;g__;s__	N/A	N/A	N/A	N/A	N/A	N/A	N/A	N/A	N/A	N/A	d__Bacteria;p__Desulfobacterota;c__Desulfobulbia;o__Desulfobulbales;f__Desulfocapsaceae;g__;s__	taxonomic novelty determined using RED	classification based on placement in class-level tree	N/A	58.73	11	0.91558	N/A
MetaBAT2_bins.164	d__Bacteria;p__Actinomycetota;c__Actinomycetia;o__Mycobacteriales;f__Mycobacteriaceae;g__Mycobacterium;s__Mycobacterium sp001510415	GCA_001510415.1	95.0	d__Bacteria;p__Actinomycetota;c__Actinomycetia;o__Mycobacteriales;f__Mycobacteriaceae;g__Mycobacterium;s__Mycobacterium sp001510415	98.1	0.877	N/A	N/A	N/A	N/A	N/A	N/A	ani_screen	classification based on ANI only	N/A	N/A	N/A	N/A	N/A
MetaBAT2_bins.166	d__Bacteria;p__Desulfobacterota_F;c__Desulfuromonadia;o__Desulfuromonadales;f__BM103;g__JAFDBW01;s__	N/A	N/A	N/A	N/A	N/A	GCA_019313105.1	95.0	d__Bacteria;p__Desulfobacterota_F;c__Desulfuromonadia;o__Desulfuromonadales;f__BM103;g__JAFDBW01;s__JAFDBW01 sp019313105	94.93	0.566	d__Bacteria;p__Desulfobacterota_F;c__Desulfuromonadia;o__Desulfuromonadales;f__BM103;g__JAFDBW01;s__	taxonomic classification defined by topology and ANI	classification based on placement in class-level tree	N/A	57.22	11	0.98526	Genome not assigned to closest species as it falls outside its pre-defined ANI radius
MetaBAT2_bins.188_sub	d__Bacteria;p__Actinomycetota;c__Actinomycetia;o__Jiangellales;f__;g__;s__	N/A	N/A	N/A	N/A	N/A	N/A	N/A	N/A	N/A	N/A	d__Bacteria;p__Actinomycetota;c__Actinomycetia;o__Jiangellales;f__;g__;s__	taxonomic novelty determined using RED	classification based on placement in class-level tree	N/A	34.6	11	0.6934	N/A
MetaBAT2_bins.19	d__Bacteria;p__Actinomycetota;c__Actinomycetia;o__Jiangellales;f__;g__;s__	N/A	N/A	N/A	N/A	N/A	N/A	N/A	N/A	N/A	N/A	d__Bacteria;p__Actinomycetota;c__Actinomycetia;o__Jiangellales;f__;g__;s__	taxonomic novelty determined using RED	classification based on placement in class-level tree	N/A	93.57	11	0.7103	N/A
MetaBAT2_bins.192	d__Bacteria;p__Desulfobacterota;c__Desulfobulbia;o__Desulfobulbales;f__Desulfocapsaceae;g__;s__	N/A	N/A	N/A	N/A	N/A	N/A	N/A	N/A	N/A	N/A	d__Bacteria;p__Desulfobacterota;c__Desulfobulbia;o__Desulfobulbales;f__Desulfocapsaceae;g__;s__	taxonomic novelty determined using RED	classification based on placement in class-level tree	N/A	77.56	11	0.9149	N/A
MetaBAT2_bins.20	d__Bacteria;p__Desulfobacterota_F;c__DSWW01;o__DSWW01;f__DSWW01;g__S015-6;s__	N/A	N/A	N/A	N/A	N/A	GCA_015486285.1	95.0	d__Bacteria;p__Desulfobacterota_F;c__DSWW01;o__DSWW01;f__DSWW01;g__S015-6;s__S015-6 sp015486285	80.38	0.466	d__Bacteria;p__Desulfobacterota_F;c__DSWW01;o__DSWW01;f__DSWW01;g__S015-6;s__	taxonomic classification defined by topology and ANI	classification based on placement in class-level tree	N/A	57.58	11	0.92147	Genome has more than 15.0% of markers with multiple hits
MetaBAT2_bins.201_sub	d__Bacteria;p__Actinomycetota;c__Thermoleophilia;o__Solirubrobacterales;f__70-9;g__67-14;s__	N/A	N/A	N/A	N/A	N/A	GCA_903933815.1	95.0	d__Bacteria;p__Actinomycetota;c__Thermoleophilia;o__Solirubrobacterales;f__70-9;g__67-14;s__67-14 sp903933815	80.22	0.518	d__Bacteria;p__Actinomycetota;c__Thermoleophilia;o__Solirubrobacterales;f__70-9;g__67-14;s__	taxonomic classification defined by topology and ANI	classification based on placement in class-level tree	GCA_017304845.1, s__67-14 sp017304845, 95.0, 79.82, 0.373; GCA_001897355.1, s__67-14 sp001897355, 95.0, 79.77, 0.518; GCA_016650125.1, s__67-14 sp016650125, 95.0, 79.65, 0.522; GCA_020438295.1, s__67-14 sp020438295, 95.0, 79.56, 0.432; GCA_019694145.1, s__67-14 sp019694145, 95.0, 79.54, 0.406; GCA_016649615.1, s__67-14 sp016649615, 95.0, 79.53, 0.468; GCA_023436605.1, s__67-14 sp023436605, 95.0, 79.51, 0.408; GCA_016712175.1, s__67-14 sp016712175, 95.0, 79.47, 0.452; GCA_020438425.1, s__67-14 sp020438425, 95.0, 79.14, 0.425; GCA_023958085.1, s__67-14 sp023958085, 95.0, 79.13, 0.385; GCA_020636955.1, s__67-14 sp020636955, 95.0, 79.01, 0.356; GCA_903939845.1, s__67-14 sp903939845, 95.0, 78.98, 0.348; GCA_023434465.1, s__67-14 sp023434465, 95.0, 78.85, 0.356; GCA_018883025.1, s__67-14 sp018883025, 95.0, 78.81, 0.437; GCA_020438395.1, s__67-14 sp020438395, 95.0, 78.58, 0.381; GCA_903891285.1, s__67-14 sp903891285, 95.0, 78.51, 0.369; GCA_020438355.1, s__67-14 sp020438355, 95.0, 78.45, 0.39; GCA_020438345.1, s__67-14 sp020438345, 95.0, 77.98, 0.244	64.65	11	0.93882	Genome not assigned to closest species as it falls outside its pre-defined ANI radius
MetaBAT2_bins.202_sub	d__Bacteria;p__Desulfobacterota;c__Desulfobacteria;o__Desulfobacterales;f__JAFDCJ01;g__JAFDCJ01;s__	N/A	N/A	N/A	N/A	N/A	N/A	N/A	N/A	N/A	N/A	d__Bacteria;p__Desulfobacterota;c__Desulfobacteria;o__Desulfobacterales;f__JAFDCJ01;g__JAFDCJ01;s__	ANI	classification based on placement in class-level tree	GCA_945787595.1, s__JAFDCJ01 sp945787595, 95.0, 83.96, 0.354; GCA_024277475.1, s__JAFDCJ01 sp024277475, 95.0, 83.12, 0.335; GCA_019310665.1, s__JAFDCJ01 sp019310665, 95.0, 80.07, 0.41; GCA_019312835.1, s__JAFDCJ01 sp019312835, 95.0, 79.1, 0.26; GCA_902749685.1, s__JAFDCJ01 sp902749685, 95.0, 78.89, 0.225; GCA_020345785.1, s__JAFDCJ01 sp020345785, 95.0, 77.23, 0.18	27.88	11	0.94417	Genome has more than 30.0% of markers with multiple hits
MetaBAT2_bins.209	d__Bacteria;p__Actinomycetota;c__Thermoleophilia;o__Solirubrobacterales;f__70-9;g__;s__	N/A	N/A	N/A	N/A	N/A	N/A	N/A	N/A	N/A	N/A	d__Bacteria;p__Actinomycetota;c__Thermoleophilia;o__Solirubrobacterales;f__70-9;g__;s__	taxonomic novelty determined using RED	classification based on placement in class-level tree	N/A	26.99	4	0.86729	N/A
MetaBAT2_bins.215	d__Bacteria;p__Pseudomonadota;c__Gammaproteobacteria;o__Woeseiales;f__Woeseiaceae;g__JAACFE01;s__	N/A	N/A	N/A	N/A	N/A	N/A	N/A	N/A	N/A	N/A	d__Bacteria;p__Pseudomonadota;c__Gammaproteobacteria;o__Woeseiales;f__Woeseiaceae;g__JAACFE01;s__	taxonomic novelty determined using RED	classification based on placement in class-level tree	N/A	92.87	11	0.96918	N/A
MetaBAT2_bins.216	d__Bacteria;p__Desulfobacterota;c__Desulfobacteria;o__Desulfobacterales;f__Desulfosarcinaceae;g__Desulfosarcina;s__	N/A	N/A	N/A	N/A	N/A	N/A	N/A	N/A	N/A	N/A	d__Bacteria;p__Desulfobacterota;c__Desulfobacteria;o__Desulfobacterales;f__Desulfosarcinaceae;g__Desulfosarcina;s__	ANI	classification based on placement in class-level tree	GCA_018224455.1, s__Desulfosarcina sp018224455, 95.0, 79.67, 0.466; GCA_020444075.1, s__Desulfosarcina sp020444075, 95.0, 79.48, 0.347; GCF_009688945.1, s__Desulfosarcina alkanivorans, 95.0, 79.46, 0.37; GCA_014237405.1, s__Desulfosarcina sp014237405, 95.0, 79.27, 0.339; GCA_002352605.1, s__Desulfosarcina sp002352605, 95.0, 78.93, 0.369; GCF_009688965.1, s__Desulfosarcina widdelii, 95.0, 78.77, 0.307; GCF_009689005.1, s__Desulfosarcina ovata, 95.0, 78.52, 0.247; GCF_001311845.1, s__Desulfosarcina cetonica, 95.0, 78.33, 0.229; GCA_002747175.1, s__Desulfosarcina sp002747175, 95.0, 77.51, 0.231	42.32	11	0.90997	Genome has more than 17.5% of markers with multiple hits
MetaBAT2_bins.218	d__Bacteria;p__Pseudomonadota;c__Alphaproteobacteria;o__Rhizobiales;f__Methyloligellaceae;g__Methyloceanibacter;s__	N/A	N/A	N/A	N/A	N/A	GCF_001723295.1	95.0	d__Bacteria;p__Pseudomonadota;c__Alphaproteobacteria;o__Rhizobiales;f__Methyloligellaceae;g__Methyloceanibacter;s__Methyloceanibacter marginalis	83.37	0.638	d__Bacteria;p__Pseudomonadota;c__Alphaproteobacteria;o__Rhizobiales;f__Methyloligellaceae;g__Methyloceanibacter;s__	taxonomic classification defined by topology and ANI	classification based on placement in class-level tree	GCF_001723305.1, s__Methyloceanibacter superfactus, 95.0, 82.56, 0.721; GCA_002390155.1, s__Methyloceanibacter sp002390155, 95.0, 80.89, 0.722; GCA_018067145.1, s__Methyloceanibacter sp018067145, 95.0, 79.9, 0.618; GCA_022865725.1, s__Methyloceanibacter sp022865725, 95.0, 79.77, 0.548; GCF_001723285.1, s__Methyloceanibacter methanicus, 95.0, 79.59, 0.535; GCA_016649675.1, s__Methyloceanibacter sp016649675, 95.0, 79.55, 0.461; GCA_002383105.1, s__Methyloceanibacter sp002383105, 95.0, 79.5, 0.542; GCA_020637815.1, s__Methyloceanibacter sp020637815, 95.0, 79.49, 0.424; GCA_002482645.1, s__Methyloceanibacter sp002482645, 95.0, 79.49, 0.515; GCF_001723355.1, s__Methyloceanibacter stevinii, 95.0, 79.21, 0.502; GCA_016869535.1, s__Methyloceanibacter sp016869535, 95.0, 79.16, 0.42; GCF_003071365.1, s__Methyloceanibacter sp003071365, 95.0, 79.16, 0.499; GCF_000828475.1, s__Methyloceanibacter caenitepidi, 95.0, 79.11, 0.512; GCA_014380485.1, s__Methyloceanibacter sp014380485, 95.0, 78.77, 0.486; GCA_003135455.1, s__Methyloceanibacter sp003135455, 95.0, 78.71, 0.429	71.62	11	0.95791	Genome not assigned to closest species as it falls outside its pre-defined ANI radius
MetaBAT2_bins.232	d__Bacteria;p__Actinomycetota;c__Acidimicrobiia;o__Acidimicrobiales;f__UBA8139;g__Rhabdothermincola_A;s__	N/A	N/A	N/A	N/A	N/A	GCF_021246445.1	95.0	d__Bacteria;p__Actinomycetota;c__Acidimicrobiia;o__Acidimicrobiales;f__UBA8139;g__Rhabdothermincola_A;s__Rhabdothermincola_A salaria	81.19	0.579	d__Bacteria;p__Actinomycetota;c__Acidimicrobiia;o__Acidimicrobiales;f__UBA8139;g__Rhabdothermincola_A;s__	taxonomic classification defined by topology and ANI	classification based on placement in class-level tree	N/A	63.71	11	0.89044	Genome not assigned to closest species as it falls outside its pre-defined ANI radius
MetaBAT2_bins.234	d__Bacteria;p__Pseudomonadota;c__Gammaproteobacteria;o__Woeseiales;f__Woeseiaceae;g__UBA1847;s__	N/A	N/A	N/A	N/A	N/A	GCA_009937605.1	95.0	d__Bacteria;p__Pseudomonadota;c__Gammaproteobacteria;o__Woeseiales;f__Woeseiaceae;g__UBA1847;s__UBA1847 sp009937605	81.28	0.711	d__Bacteria;p__Pseudomonadota;c__Gammaproteobacteria;o__Woeseiales;f__Woeseiaceae;g__UBA1847;s__	taxonomic classification defined by topology and ANI	classification based on placement in class-level tree	GCA_024639825.1, s__UBA1847 sp024639825, 95.0, 78.67, 0.373; GCA_945787845.1, s__UBA1847 sp945787845, 95.0, 78.56, 0.4; GCA_024679535.1, s__UBA1847 sp024679535, 95.0, 78.47, 0.331; GCA_004282875.1, s__UBA1847 sp004282875, 95.0, 78.28, 0.373; GCA_022360335.1, s__UBA1847 sp022360335, 95.0, 78.09, 0.345; GCA_013042375.1, s__UBA1847 sp013042375, 95.0, 77.93, 0.418; GCA_945788625.1, s__UBA1847 sp945788625, 95.0, 77.5, 0.26; GCA_021773155.1, s__UBA1847 sp021773155, 95.0, 77.48, 0.182; GCA_002685275.1, s__UBA1847 sp002685275, 95.0, 77.43, 0.014; GCA_021773095.1, s__UBA1847 sp021773095, 95.0, 77.3, 0.135; GCA_021773115.1, s__UBA1847 sp021773115, 95.0, 77.29, 0.149; GCA_905480215.1, s__UBA1847 sp905480215, 95.0, 77.24, 0.098; GCA_022567295.1, s__UBA1847 sp022567295, 95.0, 77.24, 0.154; GCA_022600955.1, s__UBA1847 sp022600955, 95.0, 77.23, 0.132; GCA_013043165.1, s__UBA1847 sp013043165, 95.0, 77.2, 0.246; GCA_022563255.1, s__UBA1847 sp022563255, 95.0, 77.16, 0.168; GCA_021773075.1, s__UBA1847 sp021773075, 95.0, 77.1, 0.118; GCA_013001045.1, s__UBA1847 sp013001045, 95.0, 77.09, 0.224; GCA_022866645.1, s__UBA1847 sp022866645, 95.0, 77.04, 0.137; GCA_021773035.1, s__UBA1847 sp021773035, 95.0, 76.96, 0.177; GCA_022573655.1, s__UBA1847 sp022573655, 95.0, 76.94, 0.167; GCA_021773055.1, s__UBA1847 sp021773055, 95.0, 76.94, 0.143; GCA_002338605.1, s__UBA1847 sp002338605, 95.0, 76.93, 0.133; GCA_018699395.1, s__UBA1847 sp018699395, 95.0, 76.82, 0.102; GCA_913063505.1, s__UBA1847 sp913063505, 95.0, 76.63, 0.139; GCA_009937445.1, s__UBA1847 sp009937445, 95.0, 76.44, 0.131	98.13	11	0.97689	Genome not assigned to closest species as it falls outside its pre-defined ANI radius
MetaBAT2_bins.244	Unclassified Bacteria	N/A	N/A	N/A	N/A	N/A	N/A	N/A	N/A	N/A	N/A	N/A	N/A	N/A	N/A	N/A	N/A	N/A	Insufficient number of amino acids in MSA (0.7%)
MetaBAT2_bins.249	d__Bacteria;p__Pseudomonadota;c__Gammaproteobacteria;o__SZUA-229;f__SZUA-229;g__GCA-2746365;s__	N/A	N/A	N/A	N/A	N/A	N/A	N/A	N/A	N/A	N/A	d__Bacteria;p__Pseudomonadota;c__Gammaproteobacteria;o__SZUA-229;f__SZUA-229;g__GCA-2746365;s__	ANI	classification based on placement in class-level tree	GCA_913065105.1, s__GCA-2746365 sp913065105, 95.0, 78.38, 0.32; GCA_013041745.1, s__GCA-2746365 sp013041745, 95.0, 78.12, 0.332; GCA_024278435.1, s__GCA-2746365 sp024278435, 95.0, 77.83, 0.364; GCA_015488295.1, s__GCA-2746365 sp015488295, 95.0, 77.83, 0.318; GCA_015222965.1, s__GCA-2746365 sp015222965, 95.0, 77.67, 0.296; GCA_022340645.1, s__GCA-2746365 sp022340645, 95.0, 77.66, 0.225; GCA_011321985.1, s__GCA-2746365 sp011321985, 95.0, 77.33, 0.248; GCA_015222915.1, s__GCA-2746365 sp015222915, 95.0, 77.27, 0.32; GCA_002746365.1, s__GCA-2746365 sp002746365, 95.0, 77.23, 0.161; GCA_024277705.1, s__GCA-2746365 sp024277705, 95.0, 77.23, 0.191; GCA_013138755.1, s__GCA-2746365 sp013138755, 95.0, 77.2, 0.196; GCA_022712755.1, s__GCA-2746365 sp022712755, 95.0, 77.12, 0.204; GCA_011051475.1, s__GCA-2746365 sp011051475, 95.0, 77.07, 0.212; GCA_002401185.1, s__GCA-2746365 sp002401185, 95.0, 76.9, 0.148; GCA_016764035.1, s__GCA-2746365 sp016764035, 95.0, 76.73, 0.156	84.89	11	0.91477	N/A
MetaBAT2_bins.252_sub	d__Bacteria;p__Desulfobacterota;c__Desulfobacteria;o__C00003060;f__C00003060;g__JAFDFO01;s__	N/A	N/A	N/A	N/A	N/A	GCA_019309815.1	95.0	d__Bacteria;p__Desulfobacterota;c__Desulfobacteria;o__C00003060;f__C00003060;g__JAFDFO01;s__JAFDFO01 sp019309815	76.24	0.073	d__Bacteria;p__Desulfobacterota;c__Desulfobacteria;o__C00003060;f__C00003060;g__JAFDFO01;s__	taxonomic classification defined by topology and ANI	classification based on placement in class-level tree	GCA_020347085.1, s__JAFDFO01 sp020347085, 95.0, 76.33, 0.054	30.84	4	0.91203	N/A
MetaBAT2_bins.263	d__Bacteria;p__Pseudomonadota;c__Gammaproteobacteria;o__Chromatiales;f__Chromatiaceae;g__;s__	N/A	N/A	N/A	N/A	N/A	N/A	N/A	N/A	N/A	N/A	d__Bacteria;p__Pseudomonadota;c__Gammaproteobacteria;o__Chromatiales;f__Chromatiaceae;g__;s__	taxonomic classification fully defined by topology	classification based on placement in class-level tree	N/A	86.67	11	0.88205	N/A
MetaBAT2_bins.264	d__Bacteria;p__Pseudomonadota;c__Gammaproteobacteria;o__Xanthomonadales;f__SZUA-36;g__SZUA-36;s__	N/A	N/A	N/A	N/A	N/A	GCA_013042835.1	95.0	d__Bacteria;p__Pseudomonadota;c__Gammaproteobacteria;o__Xanthomonadales;f__SZUA-36;g__SZUA-36;s__SZUA-36 sp013042835	77.68	0.293	d__Bacteria;p__Pseudomonadota;c__Gammaproteobacteria;o__Xanthomonadales;f__SZUA-36;g__SZUA-36;s__	taxonomic classification defined by topology and ANI	classification based on placement in class-level tree	GCA_021772935.1, s__SZUA-36 sp021772935, 95.0, 77.54, 0.197; GCA_003233115.1, s__SZUA-36 sp003233115, 95.0, 77.54, 0.168; GCA_024277815.1, s__SZUA-36 sp024277815, 95.0, 77.34, 0.164; GCA_021772915.1, s__SZUA-36 sp021772915, 95.0, 76.6, 0.106; GCA_014238945.1, s__SZUA-36 sp014238945, 95.0, 76.53, 0.099	33.64	11	0.96691	N/A
MetaBAT2_bins.266	d__Bacteria;p__Acidobacteriota;c__Thermoanaerobaculia;o__UBA5704;f__UBA5704;g__M0029;s__	N/A	N/A	N/A	N/A	N/A	GCA_006227875.1	95.0	d__Bacteria;p__Acidobacteriota;c__Thermoanaerobaculia;o__UBA5704;f__UBA5704;g__M0029;s__M0029 sp006227875	76.7	0.137	d__Bacteria;p__Acidobacteriota;c__Thermoanaerobaculia;o__UBA5704;f__UBA5704;g__M0029;s__	taxonomic classification defined by topology and ANI	classification based on placement in class-level tree	N/A	87.37	11	0.85746	N/A
MetaBAT2_bins.29	d__Bacteria;p__Actinomycetota;c__Acidimicrobiia;o__Acidimicrobiales;f__JAEUJM01;g__;s__	N/A	N/A	N/A	N/A	N/A	N/A	N/A	N/A	N/A	N/A	d__Bacteria;p__Actinomycetota;c__Acidimicrobiia;o__Acidimicrobiales;f__JAEUJM01;g__;s__	taxonomic novelty determined using RED	classification based on placement in class-level tree	N/A	76.25	11	0.75664	N/A
MetaBAT2_bins.3	d__Bacteria;p__Bacteroidota;c__Bacteroidia;o__Flavobacteriales;f__Flavobacteriaceae;g__Eudoraea;s__	N/A	N/A	N/A	N/A	N/A	GCA_024642325.1	95.0	d__Bacteria;p__Bacteroidota;c__Bacteroidia;o__Flavobacteriales;f__Flavobacteriaceae;g__Eudoraea;s__Eudoraea sp024642325	91.67	0.93	d__Bacteria;p__Bacteroidota;c__Bacteroidia;o__Flavobacteriales;f__Flavobacteriaceae;g__Eudoraea;s__	taxonomic classification defined by topology and ANI	classification based on placement in class-level tree	GCA_905479615.1, s__Eudoraea sp905479615, 95.0, 81.59, 0.758; GCF_000382125.1, s__Eudoraea adriatica, 95.0, 80.67, 0.622; GCA_013042925.1, s__Eudoraea sp013042925, 95.0, 80.35, 0.645; GCA_020346245.1, s__Eudoraea sp020346245, 95.0, 79.63, 0.653	95.01	11	0.99309	Genome not assigned to closest species as it falls outside its pre-defined ANI radius
MetaBAT2_bins.33	d__Bacteria;p__Desulfobacterota;c__Desulfobacteria;o__Desulfobacterales;f__UBA11574;g__JAAXQD01;s__	N/A	N/A	N/A	N/A	N/A	GCA_024641825.1	95.0	d__Bacteria;p__Desulfobacterota;c__Desulfobacteria;o__Desulfobacterales;f__UBA11574;g__JAAXQD01;s__JAAXQD01 sp024641825	93.61	0.775	d__Bacteria;p__Desulfobacterota;c__Desulfobacteria;o__Desulfobacterales;f__UBA11574;g__JAAXQD01;s__	taxonomic classification defined by topology and ANI	classification based on placement in class-level tree	GCA_012974475.1, s__JAAXQD01 sp012974475, 95.0, 89.88, 0.865; GCA_019314155.1, s__JAAXQD01 sp019314155, 95.0, 87.44, 0.72	87.67	11	0.98731	Genome not assigned to closest species as it falls outside its pre-defined ANI radius
MetaBAT2_bins.34	d__Bacteria;p__Desulfobacterota;c__Desulfobacteria;o__Desulfobacterales;f__SG8-13;g__;s__	N/A	N/A	N/A	N/A	N/A	N/A	N/A	N/A	N/A	N/A	d__Bacteria;p__Desulfobacterota;c__Desulfobacteria;o__Desulfobacterales;f__SG8-13;g__;s__	taxonomic novelty determined using RED	classification based on placement in class-level tree	N/A	79.66	11	0.83997	N/A
MetaBAT2_bins.41	d__Bacteria;p__Bacteroidota;c__Bacteroidia;o__Flavobacteriales;f__Flavobacteriaceae;g__Lutimonas;s__	N/A	N/A	N/A	N/A	N/A	GCA_905479625.1	95.0	d__Bacteria;p__Bacteroidota;c__Bacteroidia;o__Flavobacteriales;f__Flavobacteriaceae;g__Lutimonas;s__Lutimonas sp905479625	82.92	0.742	d__Bacteria;p__Bacteroidota;c__Bacteroidia;o__Flavobacteriales;f__Flavobacteriaceae;g__Lutimonas;s__	taxonomic classification defined by topology and ANI	classification based on placement in class-level tree	GCA_024229195.1, s__Lutimonas sp024229195, 95.0, 80.42, 0.636; GCF_020171465.1, s__Lutimonas saemankumensis, 95.0, 78.52, 0.301; GCA_020347545.1, s__Lutimonas sp020347545, 95.0, 78.13, 0.324; GCA_024644745.1, s__Lutimonas sp024644745, 95.0, 78.13, 0.324; GCA_024644725.1, s__Lutimonas sp024644725, 95.0, 77.29, 0.104; GCA_021647985.1, s__Lutimonas sp021647985, 95.0, 76.91, 0.128; GCA_016744615.1, s__Lutimonas sp016744615, 95.0, 76.71, 0.113; GCA_024762795.1, s__Lutimonas sp024762795, 95.0, 76.64, 0.099; GCA_021648195.1, s__Lutimonas sp021648195, 95.0, 76.45, 0.085; GCA_003973375.1, s__Lutimonas sp003973375, 95.0, 76.25, 0.106	57.06	11	0.98344	Genome has more than 10.0% of markers with multiple hits;Genome not assigned to closest species as it falls outside its pre-defined ANI radius
MetaBAT2_bins.45_sub	d__Bacteria;p__Desulfobacterota;c__Desulfobacteria;o__Desulfobacterales;f__UBA11574;g__JAAXQD01;s__	N/A	N/A	N/A	N/A	N/A	N/A	N/A	N/A	N/A	N/A	d__Bacteria;p__Desulfobacterota;c__Desulfobacteria;o__Desulfobacterales;f__UBA11574;g__JAAXQD01;s__	taxonomic classification defined by topology and ANI	classification based on placement in class-level tree	GCA_012974475.1, s__JAAXQD01 sp012974475, 95.0, 89.55, 0.551; GCA_019314155.1, s__JAAXQD01 sp019314155, 95.0, 88.9, 0.507; GCA_024641825.1, s__JAAXQD01 sp024641825, 95.0, 88.5, 0.589	34.24	11	0.95699	Genome not assigned to closest species as it falls outside its pre-defined ANI radius
MetaBAT2_bins.5	d__Bacteria;p__Bacteroidota;c__Bacteroidia;o__Bacteroidales;f__VadinHA17;g__JANTGF01;s__	N/A	N/A	N/A	N/A	N/A	GCA_024763075.1	95.0	d__Bacteria;p__Bacteroidota;c__Bacteroidia;o__Bacteroidales;f__VadinHA17;g__JANTGF01;s__JANTGF01 sp024763075	75.82	0.068	d__Bacteria;p__Bacteroidota;c__Bacteroidia;o__Bacteroidales;f__VadinHA17;g__JANTGF01;s__	taxonomic classification defined by topology and ANI	classification based on placement in class-level tree	N/A	50.27	11	0.88399	N/A
MetaBAT2_bins.57	d__Bacteria;p__Desulfobacterota;c__Syntrophobacteria;o__BM002;f__BM002;g__BM002;s__BM002 sp002899795	GCA_002899795.1	95.0	d__Bacteria;p__Desulfobacterota;c__Syntrophobacteria;o__BM002;f__BM002;g__BM002;s__BM002 sp002899795	97.41	0.731	N/A	N/A	N/A	N/A	N/A	N/A	ani_screen	classification based on ANI only	N/A	N/A	N/A	N/A	N/A
MetaBAT2_bins.60	d__Bacteria;p__Bacteroidota;c__Bacteroidia;o__Flavobacteriales;f__Flavobacteriaceae;g__Robiginitalea;s__	N/A	N/A	N/A	N/A	N/A	GCA_006227965.1	95.0	d__Bacteria;p__Bacteroidota;c__Bacteroidia;o__Flavobacteriales;f__Flavobacteriaceae;g__Robiginitalea;s__Robiginitalea sp006227965	76.75	0.209	d__Bacteria;p__Bacteroidota;c__Bacteroidia;o__Flavobacteriales;f__Flavobacteriaceae;g__Robiginitalea;s__	taxonomic classification defined by topology and ANI	classification based on placement in class-level tree	GCF_024006985.1, s__Robiginitalea sp024006985, 95.0, 77.28, 0.18; GCF_000024125.1, s__Robiginitalea biformata, 95.0, 77.05, 0.093; GCF_900115205.1, s__Robiginitalea myxolifaciens, 95.0, 76.62, 0.093; GCF_014243345.1, s__Robiginitalea sp014243345, 95.0, 76.54, 0.107; GCF_002198115.1, s__Robiginitalea sediminis, 95.0, 76.34, 0.112; GCA_024642005.1, s__Robiginitalea sp024642005, 95.0, 76.22, 0.093	87.51	11	0.97275	N/A
MetaBAT2_bins.63	d__Bacteria;p__Pseudomonadota;c__Gammaproteobacteria;o__Steroidobacterales;f__Steroidobacteraceae;g__;s__	N/A	N/A	N/A	N/A	N/A	N/A	N/A	N/A	N/A	N/A	d__Bacteria;p__Pseudomonadota;c__Gammaproteobacteria;o__Steroidobacterales;f__Steroidobacteraceae;g__;s__	taxonomic novelty determined using RED	classification based on placement in class-level tree	N/A	63.44	11	0.84574	N/A
MetaBAT2_bins.64	d__Bacteria;p__Desulfobacterota;c__Desulfobacteria;o__Desulfobacterales;f__B30-G6;g__B30-G6;s__	N/A	N/A	N/A	N/A	N/A	GCA_003647375.1	95.0	d__Bacteria;p__Desulfobacterota;c__Desulfobacteria;o__Desulfobacterales;f__B30-G6;g__B30-G6;s__B30-G6 sp003647375	84.72	0.558	d__Bacteria;p__Desulfobacterota;c__Desulfobacteria;o__Desulfobacterales;f__B30-G6;g__B30-G6;s__	taxonomic classification defined by topology and ANI	classification based on placement in class-level tree	GCA_024639645.1, s__B30-G6 sp024639645, 95.0, 83.31, 0.617	50.15	11	0.96574	Genome not assigned to closest species as it falls outside its pre-defined ANI radius;Genome has more than 10.8% of markers with multiple hits
MetaBAT2_bins.68	d__Bacteria;p__Pseudomonadota;c__Gammaproteobacteria;o__Pseudomonadales;f__Halieaceae;g__Halioglobus;s__	N/A	N/A	N/A	N/A	N/A	N/A	N/A	N/A	N/A	N/A	d__Bacteria;p__Pseudomonadota;c__Gammaproteobacteria;o__Pseudomonadales;f__Halieaceae;g__Halioglobus;s__	ANI	classification based on placement in class-level tree	GCA_024234675.1, s__Halioglobus sp024234675, 95.0, 79.98, 0.457; GCF_004745945.1, s__Halioglobus sp004745945, 95.0, 79.96, 0.298; GCA_024234735.1, s__Halioglobus sp024234735, 95.0, 79.67, 0.424; GCA_024234855.1, s__Halioglobus sp024234855, 95.0, 79.63, 0.365; GCA_002699145.1, s__Halioglobus sp002699145, 95.0, 79.58, 0.33; GCF_003457605.1, s__Halioglobus sediminis, 95.0, 79.25, 0.337; GCA_009937575.1, s__Halioglobus sp009937575, 95.0, 79.23, 0.336; GCA_024642265.1, s__Halioglobus sp024642265, 95.0, 79.17, 0.362; GCA_020443345.1, s__Halioglobus sp020443345, 95.0, 79.05, 0.329; GCA_024640505.1, s__Halioglobus sp024640505, 95.0, 78.86, 0.367; GCA_024642245.1, s__Halioglobus sp024642245, 95.0, 78.71, 0.336; GCA_024234815.1, s__Halioglobus sp024234815, 95.0, 78.64, 0.261; GCF_004354085.1, s__Halioglobus unica, 95.0, 78.6, 0.273; GCA_003646415.1, s__Halioglobus sp003646415, 95.0, 78.32, 0.302; GCA_016704305.1, s__Halioglobus sp016704305, 95.0, 77.96, 0.213; GCA_020443425.1, s__Halioglobus sp020443425, 95.0, 77.92, 0.235; GCA_003646405.1, s__Halioglobus sp003646405, 95.0, 77.89, 0.285; GCF_008370495.1, s__Halioglobus sp008370495, 95.0, 77.88, 0.264; GCF_001983995.1, s__Halioglobus japonicus, 95.0, 77.84, 0.177; GCF_002866825.1, s__Halioglobus lutimaris, 95.0, 77.5, 0.178; GCA_024686215.1, s__Halioglobus sp024686215, 95.0, 77.47, 0.241; GCF_009388985.1, s__Halioglobus maricola, 95.0, 77.23, 0.154; GCA_024742415.1, s__Halioglobus sp024742415, 95.0, 77.22, 0.146; GCA_020443325.1, s__Halioglobus sp020443325, 95.0, 77.21, 0.167; GCA_905480565.1, s__Halioglobus sp905480565, 95.0, 77.16, 0.077; GCA_902705825.1, s__Halioglobus japonicus_A, 95.0, 76.98, 0.116; GCA_000156295.1, s__Halioglobus sp000156295, 95.0, 76.91, 0.084; GCA_024224435.1, s__Halioglobus sp024224435, 95.0, 76.86, 0.08; GCA_913061115.1, s__Halioglobus sp913061115, 95.0, 76.68, 0.073; GCA_016744355.1, s__Halioglobus sp016744355, 95.0, 76.49, 0.051; GCA_013214285.1, s__Halioglobus sp013214285, 95.0, 76.42, 0.082; GCA_002862985.1, s__Halioglobus sp002862985, 95.0, 76.4, 0.081; GCA_018657645.1, s__Halioglobus sp018657645, 95.0, 76.37, 0.044; GCA_002862465.1, s__Halioglobus sp002862465, 95.0, 76.32, 0.033; GCA_015222725.1, s__Halioglobus sp015222725, 95.0, 76.25, 0.106; GCA_913062625.1, s__Halioglobus sp913062625, 95.0, 76.03, 0.059	48.08	11	0.9197	N/A
MetaBAT2_bins.70	d__Bacteria;p__Desulfobacterota;c__Desulfobacteria;o__Desulfobacterales;f__SG8-13;g__;s__	N/A	N/A	N/A	N/A	N/A	N/A	N/A	N/A	N/A	N/A	d__Bacteria;p__Desulfobacterota;c__Desulfobacteria;o__Desulfobacterales;f__SG8-13;g__;s__	taxonomic novelty determined using RED	classification based on placement in class-level tree	N/A	83.28	11	0.83969	N/A
MetaBAT2_bins.73	d__Bacteria;p__Desulfobacterota;c__Desulfobacteria;o__Desulfobacterales;f__SG8-13;g__;s__	N/A	N/A	N/A	N/A	N/A	N/A	N/A	N/A	N/A	N/A	d__Bacteria;p__Desulfobacterota;c__Desulfobacteria;o__Desulfobacterales;f__SG8-13;g__;s__	taxonomic novelty determined using RED	classification based on placement in class-level tree	N/A	71.96	11	0.84021	Genome has more than 14.2% of markers with multiple hits
MetaBAT2_bins.83_sub	d__Bacteria;p__Pseudomonadota;c__Gammaproteobacteria;o__Steroidobacterales;f__Steroidobacteraceae;g__SG8-30;s__	N/A	N/A	N/A	N/A	N/A	GCA_018261655.1	95.0	d__Bacteria;p__Pseudomonadota;c__Gammaproteobacteria;o__Steroidobacterales;f__Steroidobacteraceae;g__SG8-30;s__SG8-30 sp018261655	81.85	0.706	d__Bacteria;p__Pseudomonadota;c__Gammaproteobacteria;o__Steroidobacterales;f__Steroidobacteraceae;g__SG8-30;s__	taxonomic classification defined by topology and ANI	classification based on placement in class-level tree	GCA_001303245.1, s__SG8-30 sp001303245, 95.0, 80.08, 0.517; GCA_024642505.1, s__SG8-30 sp024642505, 95.0, 79.7, 0.523	56.82	11	0.94481	Genome not assigned to closest species as it falls outside its pre-defined ANI radius
MetaBAT2_bins.85_sub	d__Bacteria;p__Desulfobacterota;c__Desulfobulbia;o__Desulfobulbales;f__Desulfocapsaceae;g__JABDQA01;s__	N/A	N/A	N/A	N/A	N/A	GCA_905479735.1	95.0	d__Bacteria;p__Desulfobacterota;c__Desulfobulbia;o__Desulfobulbales;f__Desulfocapsaceae;g__JABDQA01;s__JABDQA01 sp905479735	90.71	0.684	d__Bacteria;p__Desulfobacterota;c__Desulfobulbia;o__Desulfobulbales;f__Desulfocapsaceae;g__JABDQA01;s__	taxonomic classification defined by topology and ANI	classification based on placement in class-level tree	GCA_024640625.1, s__JABDQA01 sp024640625, 95.0, 80.59, 0.549; GCA_013042475.1, s__JABDQA01 sp013042475, 95.0, 79.09, 0.387; GCA_022340565.1, s__JABDQA01 sp022340565, 95.0, 77.58, 0.214	41.15	11	0.98726	Genome not assigned to closest species as it falls outside its pre-defined ANI radius
MetaBAT2_bins.92_sub	d__Bacteria;p__Pseudomonadota;c__Gammaproteobacteria;o__UBA9214;f__UBA9214;g__UBA9214;s__	N/A	N/A	N/A	N/A	N/A	N/A	N/A	N/A	N/A	N/A	d__Bacteria;p__Pseudomonadota;c__Gammaproteobacteria;o__UBA9214;f__UBA9214;g__UBA9214;s__	ANI	classification based on placement in class-level tree	GCA_905480305.1, s__UBA9214 sp905480305, 95.0, 78.48, 0.17; GCA_905480065.1, s__UBA9214 sp905480065, 95.0, 78.27, 0.266; GCA_013041945.1, s__UBA9214 sp013041945, 95.0, 78.23, 0.274; GCA_905479705.1, s__UBA9214 sp905479705, 95.0, 78.09, 0.244; GCA_022340485.1, s__UBA9214 sp022340485, 95.0, 77.8, 0.219; GCA_003454335.1, s__UBA9214 sp003454335, 95.0, 77.62, 0.187	42.7	11	0.87352	Genome has more than 15.0% of markers with multiple hits
MetaBAT2_bins.96	d__Bacteria;p__Pseudomonadota;c__Gammaproteobacteria;o__SZUA-229;f__SZUA-229;g__GCA-2746365;s__	N/A	N/A	N/A	N/A	N/A	GCA_013041745.1	95.0	d__Bacteria;p__Pseudomonadota;c__Gammaproteobacteria;o__SZUA-229;f__SZUA-229;g__GCA-2746365;s__GCA-2746365 sp013041745	83.94	0.724	d__Bacteria;p__Pseudomonadota;c__Gammaproteobacteria;o__SZUA-229;f__SZUA-229;g__GCA-2746365;s__	taxonomic classification defined by topology and ANI	classification based on placement in class-level tree	GCA_913065105.1, s__GCA-2746365 sp913065105, 95.0, 78.95, 0.261; GCA_015488295.1, s__GCA-2746365 sp015488295, 95.0, 78.51, 0.291; GCA_011321985.1, s__GCA-2746365 sp011321985, 95.0, 78.15, 0.271; GCA_015222965.1, s__GCA-2746365 sp015222965, 95.0, 78.08, 0.339; GCA_015222915.1, s__GCA-2746365 sp015222915, 95.0, 77.98, 0.35; GCA_024278435.1, s__GCA-2746365 sp024278435, 95.0, 77.96, 0.289; GCA_022340645.1, s__GCA-2746365 sp022340645, 95.0, 77.96, 0.165; GCA_022712755.1, s__GCA-2746365 sp022712755, 95.0, 77.83, 0.145; GCA_002746365.1, s__GCA-2746365 sp002746365, 95.0, 77.72, 0.133; GCA_024277705.1, s__GCA-2746365 sp024277705, 95.0, 77.51, 0.15; GCA_013138755.1, s__GCA-2746365 sp013138755, 95.0, 77.3, 0.183; GCA_011051475.1, s__GCA-2746365 sp011051475, 95.0, 77.24, 0.193; GCA_016764035.1, s__GCA-2746365 sp016764035, 95.0, 77.0, 0.12; GCA_002401185.1, s__GCA-2746365 sp002401185, 95.0, 76.51, 0.148	67.35	11	0.97252	Genome not assigned to closest species as it falls outside its pre-defined ANI radius
